{
    "loss": 0.5292844772338867,
    "accuracy": 0.9198006391525269
}