{
    "loss": 0.37403789162635803,
    "accuracy": 0.8291798830032349
}